{
  "project_info": {
    "project_number": "762952649430",
    "firebase_url": "https://ridesharing-12f83.firebaseio.com",
    "project_id": "ridesharing-12f83",
    "storage_bucket": "ridesharing-12f83.appspot.com"
  },
  "client": [
    {
      "client_info": {
        "mobilesdk_app_id": "1:762952649430:android:f81c75d528b66066b29777",
        "android_client_info": {
          "package_name": "com.example.ridesharing"
        }
      },
      "oauth_client": [
        {
          "client_id": "762952649430-qkctr3irqli1stp4j8pecq6s9filodi5.apps.googleusercontent.com",
          "client_type": 1,
          "android_info": {
            "package_name": "com.example.ridesharing",
            "certificate_hash": "a464224145fccf359d9df01d012f24bff8e5d370"
          }
        },
        {
          "client_id": "762952649430-gq7e4ajs3hd8m3gunsbajfa2t9lu73qn.apps.googleusercontent.com",
          "client_type": 3
        }
      ],
      "api_key": [
        {
          "current_key": "AIzaSyAkHC215YqtIXhZYqVljE9fS0DCJX2ytjg"
        }
      ],
      "services": {
        "appinvite_service": {
          "other_platform_oauth_client": [
            {
              "client_id": "762952649430-gq7e4ajs3hd8m3gunsbajfa2t9lu73qn.apps.googleusercontent.com",
              "client_type": 3
            }
          ]
        }
      }
    }
  ],
  "configuration_version": "1"
}